{
    "Logistic Regression": {
        "F1-Score": 0.09679370840895342,
        "PR-AUC": 0.7598357335380381,
        "Confusion Matrix": {
            "True Negative": 55387,
            "False Positive": 1483,
            "False Negative": 10,
            "True Positive": 80
        },
        "Classification Report": "              precision    recall  f1-score   support\n\n   Not Fraud       1.00      0.97      0.99     56870\n       Fraud       0.05      0.89      0.10        90\n\n    accuracy                           0.97     56960\n   macro avg       0.53      0.93      0.54     56960\nweighted avg       1.00      0.97      0.99     56960\n",
        "Best Threshold": 0.99,
        "F1-Score (Best Threshold)": 0.6698113207547169
    },
    "Random Forest": {
        "F1-Score": 0.8176100628930818,
        "PR-AUC": 0.858230728641119,
        "Confusion Matrix": {
            "True Negative": 56866,
            "False Positive": 4,
            "False Negative": 25,
            "True Positive": 65
        },
        "Classification Report": "              precision    recall  f1-score   support\n\n   Not Fraud       1.00      1.00      1.00     56870\n       Fraud       0.94      0.72      0.82        90\n\n    accuracy                           1.00     56960\n   macro avg       0.97      0.86      0.91     56960\nweighted avg       1.00      1.00      1.00     56960\n",
        "Best Threshold": 0.34,
        "F1-Score (Best Threshold)": 0.8588235294117647
    },
    "Gradient Boosting": {
        "F1-Score": 0.3286004056795132,
        "PR-AUC": 0.7650134518063277,
        "Confusion Matrix": {
            "True Negative": 56548,
            "False Positive": 322,
            "False Negative": 9,
            "True Positive": 81
        },
        "Classification Report": "              precision    recall  f1-score   support\n\n   Not Fraud       1.00      0.99      1.00     56870\n       Fraud       0.20      0.90      0.33        90\n\n    accuracy                           0.99     56960\n   macro avg       0.60      0.95      0.66     56960\nweighted avg       1.00      0.99      1.00     56960\n",
        "Best Threshold": 0.9600000000000001,
        "F1-Score (Best Threshold)": 0.8181818181818182
    },
    "AdaBoost": {
        "F1-Score": 0.14794007490636704,
        "PR-AUC": 0.7644763991202219,
        "Confusion Matrix": {
            "True Negative": 55971,
            "False Positive": 899,
            "False Negative": 11,
            "True Positive": 79
        },
        "Classification Report": "              precision    recall  f1-score   support\n\n   Not Fraud       1.00      0.98      0.99     56870\n       Fraud       0.08      0.88      0.15        90\n\n    accuracy                           0.98     56960\n   macro avg       0.54      0.93      0.57     56960\nweighted avg       1.00      0.98      0.99     56960\n",
        "Best Threshold": 0.53,
        "F1-Score (Best Threshold)": 0.7692307692307693
    },
    "Neural Network": {
        "F1-Score": 0.7783783783783784,
        "PR-AUC": 0.7950109512118915,
        "Confusion Matrix": {
            "True Negative": 56847,
            "False Positive": 23,
            "False Negative": 18,
            "True Positive": 72
        },
        "Classification Report": "              precision    recall  f1-score   support\n\n   Not Fraud       1.00      1.00      1.00     56870\n       Fraud       0.76      0.80      0.78        90\n\n    accuracy                           1.00     56960\n   macro avg       0.88      0.90      0.89     56960\nweighted avg       1.00      1.00      1.00     56960\n",
        "Best Threshold": 0.99,
        "F1-Score (Best Threshold)": 0.8095238095238095
    },
    "Voting Classifier": {
        "F1-Score": 0.6915887850467289,
        "PR-AUC": 0.8255790804891794,
        "Confusion Matrix": {
            "True Negative": 56820,
            "False Positive": 50,
            "False Negative": 16,
            "True Positive": 74
        },
        "Classification Report": "              precision    recall  f1-score   support\n\n   Not Fraud       1.00      1.00      1.00     56870\n       Fraud       0.60      0.82      0.69        90\n\n    accuracy                           1.00     56960\n   macro avg       0.80      0.91      0.85     56960\nweighted avg       1.00      1.00      1.00     56960\n",
        "Best Threshold": 0.63,
        "F1-Score (Best Threshold)": 0.8502994011976048
    }
}